{"cameraMode":{"drawMode":0,"name":"Shaded","section":"Shading Mode"},"sceneLighting":true,"audioPlay":false,"sceneViewState":{"showFog":true,"showMaterialUpdate":false,"showSkybox":true,"showFlares":true,"showImageEffects":true,"showParticleSystems":true,"showVisualEffectGraphs":true,"m_FxEnabled":true},"in2DMode":false,"pivot":{"x":0.8888030052185059,"y":71.12701416015625,"z":102.13127136230469},"rotation":{"x":-0.008012146688997746,"y":-0.8047629594802856,"z":-0.010864799842238427,"w":0.5934438705444336},"size":8.742142677307129,"orthographic":false}