{"cameraMode":{"drawMode":0,"name":"Shaded","section":"Shading Mode"},"sceneLighting":true,"audioPlay":false,"sceneViewState":{"showFog":true,"showMaterialUpdate":false,"showSkybox":true,"showFlares":true,"showImageEffects":true,"showParticleSystems":true,"showVisualEffectGraphs":true,"m_FxEnabled":true},"in2DMode":false,"pivot":{"x":-1.0541726350784302,"y":60.812232971191409,"z":263.3080139160156},"rotation":{"x":0.028434667736291887,"y":-0.9447988867759705,"z":0.0852622464299202,"w":0.3150883615016937},"size":10.232205390930176,"orthographic":false}