{"cameraMode":{"drawMode":0,"name":"Shaded","section":"Shading Mode"},"sceneLighting":false,"audioPlay":false,"sceneViewState":{"showFog":false,"showMaterialUpdate":false,"showSkybox":false,"showFlares":false,"showImageEffects":false,"showParticleSystems":false,"showVisualEffectGraphs":true,"m_FxEnabled":true},"in2DMode":false,"pivot":{"x":0.016909480094909669,"y":0.8978855013847351,"z":0.023438751697540284},"rotation":{"x":-0.008012146688997746,"y":-0.8047629594802856,"z":-0.010864799842238427,"w":0.5934438705444336},"size":1.0111689567565919,"orthographic":false}