{"cameraMode":{"drawMode":0,"name":"Shaded","section":"Shading Mode"},"sceneLighting":false,"audioPlay":false,"sceneViewState":{"showFog":false,"showMaterialUpdate":false,"showSkybox":false,"showFlares":false,"showImageEffects":false,"showParticleSystems":false,"showVisualEffectGraphs":true,"m_FxEnabled":true},"in2DMode":false,"pivot":{"x":0.0017986595630645753,"y":1.219444990158081,"z":0.012365251779556275},"rotation":{"x":0.1037987768650055,"y":-0.5979851484298706,"z":0.07848362624645233,"w":0.790874183177948},"size":1.2467840909957886,"orthographic":false}